"","X1","zat_origen","zat_destino","X.ViajesTot","total","prob","acum"
"1",4,7,7,41.39713869,148.26856089,0.279203753253614,0.279203753253614
"2",5,7,699,106.8714222,148.26856089,0.720796246746386,1
"3",6,9,7,26.22223448,539.838500452,0.048574220730912,0.048574220730912
"4",7,9,13,192.3696734,539.838500452,0.3563467096899,0.404920930420813
"5",8,9,14,169.6722099,539.838500452,0.314301795366458,0.719222725787271
"6",9,9,20,8.754384672,539.838500452,0.0162166734396863,0.735439399226957
"7",10,9,855,142.819998,539.838500452,0.264560600773043,1
"8",11,11,7,25.89045228,511.55738308,0.0506110421554626,0.0506110421554626
"9",12,11,11,145.571668,511.55738308,0.284565667146739,0.335176709302201
"10",13,11,12,340.0952628,511.55738308,0.664823290697799,1
"11",14,12,59,83.79401438,83.79401438,1,1
"12",15,16,7,26.22223448,26.22223448,1,1
"13",16,20,310,129.6237129,167.08124135,0.775812484110443,0.775812484110443
"14",17,20,1050,37.45752845,167.08124135,0.224187515889557,1
"15",18,23,47,108.838125,108.838125,1,1
"16",19,24,11,143.5615941,143.5615941,1,1
"17",20,26,33,23.78475442,23.78475442,1,1
"18",21,27,59,191.8072503,191.8072503,1,1
"19",22,28,33,251.2325991,251.2325991,1,1
"20",23,33,11,143.5615941,2745.18190414,0.0522958401712816,0.0522958401712816
"21",24,33,33,37.41010604,2745.18190414,0.0136275508677884,0.06592339103907
"22",25,33,116,2564.210204,2745.18190414,0.93407660896093,1
"23",26,40,107,338.7379361,1858.0117695,0.18231205079565,0.18231205079565
"24",27,40,112,399.7910854,1858.0117695,0.215171449375472,0.397483500171122
"25",28,40,116,854.7367345,1858.0117695,0.460027621208241,0.857511121379363
"26",29,40,422,129.7878526,1858.0117695,0.069853084211047,0.92736420559041
"27",30,40,1048,134.9581609,1858.0117695,0.0726357944095897,1
"28",31,41,33,13.62535162,13.62535162,1,1
"29",32,42,187,306.2667911,306.2667911,1,1
"30",33,46,529,315.1957408,672.508256,0.468686797504535,0.468686797504535
"31",34,46,551,357.3125152,672.508256,0.531313202495465,1
"32",35,47,47,90.87246693,248.85550012,0.365161577245352,0.365161577245352
"33",36,47,48,108.7986467,248.85550012,0.437196070199519,0.802357647444871
"34",37,47,438,49.18438649,248.85550012,0.197642352555129,1
"35",38,52,59,82.20310725,747.07779015,0.110032861816833,0.110032861816833
"36",39,52,106,494.7963845,747.07779015,0.66230905405534,0.772341915872173
"37",40,52,956,170.0782984,747.07779015,0.227658084127827,1
"38",41,53,13,242.9987353,544.3622725,0.446391580709701,0.446391580709701
"39",42,53,17,84.99435687,544.3622725,0.156135649297775,0.602527230007476
"40",43,53,24,202.3488502,544.3622725,0.371717255993342,0.974244486000818
"41",44,53,55,14.02033013,544.3622725,0.0257555139991815,1
"42",45,54,12,170.0476314,489.518137681,0.347377590962346,0.347377590962346
"43",46,54,23,74.77509402,489.518137681,0.152752448304026,0.500130039266372
"44",47,54,26,9.035323861,489.518137681,0.0184575875039138,0.518587626770286
"45",48,54,413,235.6600884,489.518137681,0.481412373229714,1
"46",49,55,45,158.4172824,158.4172824,1,1
"47",50,56,56,84.05766128,84.05766128,1,1
"48",51,59,195,528.5805114,528.5805114,1,1
"49",52,62,13,127.7454862,295.1527368,0.43281145750162,0.43281145750162
"50",53,62,155,167.4072506,295.1527368,0.56718854249838,1
"51",54,63,7,26.22223448,344.14579898,0.0761951317078954,0.0761951317078954
"52",55,63,400,317.9235645,344.14579898,0.923804868292105,1
"53",56,65,131,131.2726379,131.2726379,1,1
"54",57,67,47,77.59289259,77.59289259,1,1
"55",58,68,89,188.9053254,188.9053254,1,1
"56",59,69,40,167.4241097,323.9871827,0.516761522183513,0.516761522183513
"57",60,69,90,156.563073,323.9871827,0.483238477816487,1
"58",61,75,16,169.3810521,575.1686501,0.294489367719452,0.294489367719452
"59",62,75,842,405.787598,575.1686501,0.705510632280547,1
"60",63,76,180,244.2377145,325.2049398,0.751027074343352,0.751027074343352
"61",64,76,995,80.9672253,325.2049398,0.248972925656648,1
"62",65,77,56,84.05766128,84.05766128,1,1
"63",66,83,93,229.6675965,229.6675965,1,1
"64",67,86,46,207.7270591,207.7270591,1,1
"65",68,87,23,74.77509402,631.30583262,0.118445118287081,0.118445118287081
"66",69,87,54,159.099907,631.30583262,0.252017166291202,0.370462284578282
"67",70,87,74,397.4308316,631.30583262,0.629537715421717,1
"68",71,88,140,276.2143296,480.7397973,0.574560981119755,0.574560981119755
"69",72,88,390,204.5254677,480.7397973,0.425439018880245,1
"70",73,89,33,241.6641876,2015.22185268,0.119919396109474,0.119919396109474
"71",74,89,116,854.7367345,2015.22185268,0.424140266920639,0.544059663030113
"72",75,89,141,95.70500448,2015.22185268,0.0474910513463934,0.591550714376506
"73",76,89,172,62.0058106,2015.22185268,0.0307687267868497,0.622319441163356
"74",77,89,191,600.9847256,2015.22185268,0.298222612463617,0.920542053626973
"75",78,89,602,160.1253899,2015.22185268,0.0794579463730272,1
"76",79,93,209,237.5502533,653.150438,0.363699141085166,0.363699141085166
"77",80,93,303,193.19807,653.150438,0.2957941367866,0.659493277871766
"78",81,93,414,222.4021147,653.150438,0.340506722128233,1
"79",82,94,309,251.6225016,251.6225016,1,1
"80",83,95,170,132.0286785,189.70589835,0.695965068289085,0.695965068289085
"81",84,95,238,57.67721985,189.70589835,0.304034931710915,1
"82",85,99,106,492.3709121,492.3709121,1,1
"83",86,100,1028,402.6721661,402.6721661,1,1
"84",87,101,544,386.4779477,386.4779477,1,1
"85",88,104,37,589.9478647,1084.7442492,0.543858946599705,0.543858946599705
"86",89,104,106,494.7963845,1084.7442492,0.456141053400295,1
"87",90,106,72,283.9083173,283.9083173,1,1
"88",91,107,114,507.6777327,507.6777327,1,1
"89",92,108,33,7.906289557,7.906289557,1,1
"90",93,110,108,336.8054459,584.74201398,0.57598981747106,0.57598981747106
"91",94,110,122,171.9311927,584.74201398,0.294029142065172,0.870018959536231
"92",95,110,310,76.00537538,584.74201398,0.129981040463769,1
"93",96,114,33,13.97390712,13.97390712,1,1
"94",97,115,114,487.2036012,487.2036012,1,1
"95",98,116,14,169.6722099,169.6722099,1,1
"96",99,120,301,156.6470838,321.1302756,0.487799175917999,0.487799175917999
"97",100,120,406,164.4831918,321.1302756,0.512200824082001,1
"98",101,122,220,1.006390427,1.006390427,1,1
"99",102,123,201,21.85913698,21.85913698,1,1
"100",103,124,121,206.7359251,621.8178188,0.3324702490819,0.3324702490819
"101",104,124,122,208.1941817,621.8178188,0.334815399953926,0.667285649035827
"102",105,124,382,206.887712,621.8178188,0.332714350964173,1
"103",106,125,112,399.7910854,399.7910854,1,1
"104",107,127,614,81.73347355,81.73347355,1,1
"105",108,130,129,116.3009401,116.3009401,1,1
"106",109,131,113,653.9792446,2603.26659719,0.251214856482972,0.251214856482972
"107",110,131,117,866.9204818,2603.26659719,0.333012563037441,0.584227419520413
"108",111,131,126,334.2604252,2603.26659719,0.128400381874375,0.712627801394788
"109",112,131,192,231.1616303,2603.26659719,0.0887967565632805,0.801424557958068
"110",113,131,203,290.7061108,2603.26659719,0.11166974258948,0.913094300547548
"111",114,131,278,49.62744516,2603.26659719,0.0190635278052461,0.932157828352795
"112",115,131,305,27.22777243,2603.26659719,0.0104590795500507,0.942616907902845
"113",116,131,850,149.3834869,2603.26659719,0.0573830920971546,1
"114",117,134,88,51.79001644,1579.86342379,0.0327813250564145,0.0327813250564145
"115",118,134,105,989.5927691,1579.86342379,0.62637868197874,0.659160007035155
"116",119,134,134,42.80429545,1579.86342379,0.0270936682281782,0.686253675263333
"117",120,134,175,289.539545,1579.86342379,0.183268718447454,0.869522393710787
"118",121,134,211,206.1367978,1579.86342379,0.130477606289213,1
"119",122,135,172,49.88233353,439.54104383,0.11348731644113,0.11348731644113
"120",123,135,196,389.6587103,439.54104383,0.88651268355887,1
"121",124,136,52,121.576344,273.58569216,0.444381221255163,0.444381221255163
"122",125,136,853,59.0517977,273.58569216,0.215843881431727,0.66022510268689
"123",126,136,997,92.95755046,273.58569216,0.33977489731311,1
"124",127,137,192,231.2513877,231.2513877,1,1
"125",128,138,25,96.21062097,326.46026163,0.294708521305549,0.294708521305549
"126",129,138,54,117.0670239,326.46026163,0.358595019545381,0.65330354085093
"127",130,138,91,97.98210077,326.46026163,0.300134847288243,0.953438388139173
"128",131,138,134,15.20051599,326.46026163,0.0465616118608267,1
"129",132,140,340,49.58939703,709.14006603,0.0699289172978447,0.0699289172978447
"130",133,140,550,223.0609488,709.14006603,0.314551327001968,0.384480244299813
"131",134,140,560,436.4897202,709.14006603,0.615519755700187,1
"132",135,143,11,198.1990574,294.68861256,0.672571144430108,0.672571144430108
"133",136,143,175,96.48955516,294.68861256,0.327428855569892,1
"134",137,144,9,84.65010968,139.82126519,0.605416562101415,0.605416562101415
"135",138,144,140,55.17115551,139.82126519,0.394583437898585,1
"136",139,146,257,44.61214152,604.40290992,0.073811923780951,0.073811923780951
"137",140,146,303,258.7474152,604.40290992,0.428104185061333,0.501916108842284
"138",141,146,947,301.0433532,604.40290992,0.498083891157716,1
"139",142,147,140,55.17115551,87.06273518,0.63369425961561,0.63369425961561
"140",143,147,358,31.89157967,87.06273518,0.36630574038439,1
"141",144,148,71,330.4971203,782.1558122,0.422546396951776,0.422546396951776
"142",145,148,79,331.1088114,782.1558122,0.423328454810912,0.845874851762688
"143",146,148,280,120.5498805,782.1558122,0.154125148237312,1
"144",147,151,30,158.373546,450.09215991,0.351869150601664,0.351869150601664
"145",148,151,170,31.27476261,450.09215991,0.069485241903022,0.421354392504686
"146",149,151,951,260.4438513,450.09215991,0.578645607495314,1
"147",150,152,38,201.1306631,838.42165088,0.23989201959288,0.23989201959288
"148",151,152,61,97.92574592,838.42165088,0.116797730374947,0.356689749967827
"149",152,152,140,55.17115551,838.42165088,0.0658035911311365,0.422493341098964
"150",153,152,163,14.88301995,838.42165088,0.017751235233941,0.440244576332904
"151",154,152,184,359.5622892,838.42165088,0.428856159454621,0.869100735787526
"152",155,152,354,109.7487772,838.42165088,0.130899264212474,1
"153",156,153,53,145.7470804,186.85090748,0.780018049500778,0.780018049500778
"154",157,153,355,41.10382708,186.85090748,0.219981950499222,1
"155",158,155,70,330.4971203,629.26906912,0.525207953987287,0.525207953987287
"156",159,155,275,77.06704312,629.26906912,0.122470731364207,0.647678685351494
"157",160,155,285,102.0528089,629.26906912,0.162176744270484,0.809855429621978
"158",161,155,307,27.78820685,629.26906912,0.0441594990341101,0.854014928656088
"159",162,155,853,91.86388995,629.26906912,0.145985071343912,1
"160",163,161,51,233.3788144,862.08959447,0.270712946655478,0.270712946655478
"161",164,161,87,138.5107976,862.08959447,0.160668680481121,0.4313816271366
"162",165,161,133,197.2349287,862.08959447,0.228787042512974,0.660168669649573
"163",166,161,135,50.40453536,862.08959447,0.0584678619059171,0.71863653155549
"164",167,161,251,47.48514827,862.08959447,0.0550814539168556,0.773717985472346
"165",168,161,279,35.48636535,862.08959447,0.0411631987877275,0.814881184260073
"166",169,161,281,122.4308006,862.08959447,0.142016330304124,0.956897514564198
"167",170,161,446,37.15820419,862.08959447,0.0431024854358024,1
"168",171,164,174,167.6646035,496.14078204,0.337937556373833,0.337937556373833
"169",172,164,358,36.24553214,496.14078204,0.0730549341075489,0.410992490481382
"170",173,164,413,292.2306464,496.14078204,0.589007509518618,1
"171",174,165,54,143.4338195,301.843694,0.475192367278675,0.475192367278675
"172",175,165,838,158.4098745,301.843694,0.524807632721325,1
"173",176,166,133,197.2349287,197.2349287,1,1
"174",177,167,48,108.8493117,1854.30158228,0.0587009754724805,0.0587009754724805
"175",178,167,54,195.7939153,1854.30158228,0.105589035338716,0.164290010811197
"176",179,167,58,72.86962945,1854.30158228,0.0392976148790217,0.203587625690218
"177",180,167,112,396.756234,1854.30158228,0.213965321386481,0.417552947076699
"178",181,167,173,432.8782261,1854.30158228,0.233445427775424,0.650998374852123
"179",182,167,175,144.1005713,1854.30158228,0.0777115074899617,0.728709882342085
"180",183,167,529,223.6802878,1854.30158228,0.120627782415506,0.84933766475759
"181",184,167,965,90.28799073,1854.30158228,0.0486911037518419,0.898028768509432
"182",185,167,1049,189.0854159,1854.30158228,0.101971231490568,1
"183",186,168,61,97.81099937,661.27134286,0.147913561393674,0.147913561393674
"184",187,168,136,33.81935676,661.27134286,0.0511429341754494,0.199056495569124
"185",188,168,168,59.26958715,661.27134286,0.0896297530355072,0.288686248604631
"186",189,168,170,35.52235617,661.27134286,0.0537182754909138,0.342404524095545
"187",190,168,201,109.8365467,661.27134286,0.166099057347558,0.508503581443103
"188",191,168,252,130.1273762,661.27134286,0.19678363141702,0.705287212860123
"189",192,168,279,61.06558101,661.27134286,0.0923457241408515,0.797632937000974
"190",193,168,301,133.8195395,661.27134286,0.202367062999026,1
"191",194,171,217,170.3281716,363.4768765,0.468607998506337,0.468607998506337
"192",195,171,838,193.1487049,363.4768765,0.531392001493663,1
"193",196,172,386,25.66288121,25.66288121,1,1
"194",197,173,446,74.03364099,74.03364099,1,1
"195",198,175,255,92.36521548,562.29418048,0.164264932283583,0.164264932283583
"196",199,175,962,469.928965,562.29418048,0.835735067716417,1
"197",200,176,108,290.0245808,917.55701305,0.316083444053188,0.316083444053188
"198",201,176,121,165.5633708,917.55701305,0.180439327960298,0.496522772013486
"199",202,176,171,49.54795745,917.55701305,0.0539998678505005,0.550522639863986
"200",203,176,529,227.2977588,917.55701305,0.247720583644663,0.79824322350865
"201",204,176,558,185.1233452,917.55701305,0.20175677649135,1
"202",205,178,134,60.61572153,147.50492599,0.410940320285367,0.410940320285367
"203",206,178,425,86.88920446,147.50492599,0.589059679714633,1
"204",207,179,184,719.1245783,858.08969301,0.83805292635256,0.83805292635256
"205",208,179,226,67.417775,858.08969301,0.0785672821258492,0.916620208478409
"206",209,179,674,71.54733971,858.08969301,0.0833797915215912,1
"207",210,180,48,136.0749032,549.099413,0.247814694349345,0.247814694349345
"208",211,180,211,206.1367978,549.099413,0.375408883928273,0.623223578277619
"209",212,180,382,206.887712,549.099413,0.376776421722381,1
"210",213,181,86,67.73954757,519.43405897,0.130410292510127,0.130410292510127
"211",214,181,187,451.6945114,519.43405897,0.869589707489874,1
"212",215,183,200,837.5686265,837.5686265,1,1
"213",216,185,183,239.4741027,300.8781487,0.795917230063707,0.795917230063707
"214",217,185,995,61.404046,300.8781487,0.204082769936293,1
"215",218,186,121,206.7359251,206.7359251,1,1
"216",219,187,25,45.95552653,215.82682143,0.212927782680175,0.212927782680175
"217",220,187,531,169.8712949,215.82682143,0.787072217319825,1
"218",221,189,192,485.412721,485.412721,1,1
"219",222,194,195,202.2561233,847.1091366,0.23876040826544,0.23876040826544
"220",223,194,413,378.72193,847.1091366,0.447075723347829,0.685836131613269
"221",224,194,835,266.1310833,847.1091366,0.314163868386731,1
"222",225,195,556,152.9417422,152.9417422,1,1
"223",226,198,106,285.950439,489.4580957,0.584218427506132,0.584218427506132
"224",227,198,553,203.5076567,489.4580957,0.415781572493868,1
"225",228,201,543,96.25677663,345.23017063,0.278819132332333,0.278819132332333
"226",229,201,569,248.973394,345.23017063,0.721180867667667,1
"227",230,202,183,239.4741027,239.4741027,1,1
"228",231,203,204,51.8059178,310.553333,0.166818102705728,0.166818102705728
"229",232,203,303,258.7474152,310.553333,0.833181897294272,1
"230",233,204,204,34.94799212,732.36178848,0.0477195733990078,0.0477195733990078
"231",234,204,207,358.8373652,732.36178848,0.489972812405681,0.537692385804689
"232",235,204,303,258.7474152,732.36178848,0.3533054554048,0.890997841209489
"233",236,204,590,79.82901596,732.36178848,0.109002158790512,1
"234",237,207,411,372.8004797,372.8004797,1,1
"235",238,208,134,43.33465326,43.33465326,1,1
"236",239,211,215,86.88920446,250.81529736,0.346427053591098,0.346427053591098
"237",240,211,853,163.9260929,250.81529736,0.653572946408902,1
"238",241,212,842,301.7879806,301.7879806,1,1
"239",242,213,181,241.939519,376.6716033,0.642308888911138,0.642308888911138
"240",243,213,320,134.7320843,376.6716033,0.357691111088862,1
"241",244,214,277,51.41993439,51.41993439,1,1
"242",245,215,23,204.0986876,413.9673276,0.493030908461482,0.493030908461482
"243",246,215,174,209.86864,413.9673276,0.506969091538518,1
"244",247,216,278,31.16323087,31.16323087,1,1
"245",248,217,227,50.93787445,50.93787445,1,1
"246",249,218,174,167.6646035,169.6646035,0.988212037403547,0.988212037403547
"247",250,218,215,1,169.6646035,0.00589398129822642,0.994106018701774
"248",251,218,220,1,169.6646035,0.00589398129822642,1
"249",252,219,336,7.096352247,196.109881047,0.0361855925316648,0.0361855925316648
"250",253,219,1048,189.0135288,196.109881047,0.963814407468335,1
"251",254,222,175,144.7697725,146.877171257,0.985651965251206,0.985651965251206
"252",255,222,215,2.107398757,146.877171257,0.014348034748794,1
"253",256,224,446,148.4528739,432.890709,0.34293384176097,0.34293384176097
"254",257,224,569,284.4378351,432.890709,0.65706615823903,1
"255",258,225,55,11.76149916,11.76149916,1,1
"256",259,226,413,292.2306464,292.2306464,1,1
"257",260,227,218,22.03736986,109.393949578,0.20144962262549,0.20144962262549
"258",261,227,343,1.888483888,109.393949578,0.0172631475075637,0.218712770133054
"259",262,227,515,85.46809583,109.393949578,0.781287229866946,1
"260",263,228,614,116.8816771,116.8816771,1,1
"261",264,229,382,206.887712,206.887712,1,1
"262",265,230,229,51.46789614,51.46789614,1,1
"263",266,231,204,156.8702278,309.279585,0.507211712017785,0.507211712017785
"264",267,231,553,152.4093572,309.279585,0.492788287982215,1
"265",268,232,251,130.3332739,130.3332739,1,1
"266",269,233,190,256.3084683,256.3084683,1,1
"267",270,234,183,239.4741027,413.3914064,0.579291439039455,0.579291439039455
"268",271,234,669,173.9173037,413.3914064,0.420708560960545,1
"269",272,235,239,66.68230837,66.68230837,1,1
"270",273,236,428,148.8057451,148.8057451,1,1
"271",274,239,554,390.437957,604.4948264,0.64589131279288,0.64589131279288
"272",275,239,557,214.0568694,604.4948264,0.35410868720712,1
"273",276,240,557,214.2274684,214.2274684,1,1
"274",277,241,36,508.115386,2393.44500309,0.212294573447065,0.212294573447065
"275",278,241,61,65.2867357,2393.44500309,0.0272773076530746,0.239571881100139
"276",279,241,113,888.2753554,2393.44500309,0.371128375313915,0.610700256414054
"277",280,241,129,116.3009401,2393.44500309,0.0485914403505627,0.659291696764617
"278",281,241,220,1,2393.44500309,0.000417807803692574,0.65970950456831
"279",282,241,238,57.73360032,2393.44500309,0.0241215487489641,0.683831053317274
"280",283,241,462,37.77483727,2393.44500309,0.0157826217946231,0.699613675111897
"281",284,241,476,27.98814034,2393.44500309,0.0116936634448949,0.711307338556792
"282",285,241,553,152.4093572,2393.44500309,0.0636778187939291,0.774985157350721
"283",286,241,562,482.5947317,2393.44500309,0.201631844925184,0.976617002275905
"284",287,241,662,55.96591906,2393.44500309,0.023382997724095,1
"285",288,242,229,51.46789614,200.18068001,0.2571072100336,0.2571072100336
"286",289,242,255,115.7040158,200.18068001,0.577997915654098,0.835105125687698
"287",290,242,449,33.00876807,200.18068001,0.164894874312302,1
"288",291,243,945,369.5366367,369.5366367,1,1
"289",292,245,345,15.21389827,15.21389827,1,1
"290",293,246,251,57.9657507,444.67672953,0.130354810248935,0.130354810248935
"291",294,246,964,332.4208162,444.67672953,0.74755613263449,0.877910942883425
"292",295,246,995,54.29016263,444.67672953,0.122089057116575,1
"293",296,247,261,91.58893796,772.85667716,0.11850701516426,0.11850701516426
"294",297,247,285,102.0528089,772.85667716,0.132046227865963,0.250553243030223
"295",298,247,560,579.2149303,772.85667716,0.749446756969777,1
"296",299,248,73,247.7980458,622.2202628,0.398248113433184,0.398248113433184
"297",300,248,345,68.8001287,622.2202628,0.110571983609789,0.508820097042973
"298",301,248,979,305.6220883,622.2202628,0.491179902957027,1
"299",302,251,481,59.5835746,411.8418437,0.14467586407612,0.14467586407612
"300",303,251,956,352.2582691,411.8418437,0.85532413592388,1
"301",304,253,155,56.40365503,56.40365503,1,1
"302",305,254,198,263.112003,810.99267861,0.324432032421008,0.324432032421008
"303",306,254,272,92.16791301,810.99267861,0.113648267661271,0.438080300082279
"304",307,254,341,34.71778689,810.99267861,0.0428090016170115,0.480889301699291
"305",308,254,396,350.4300099,810.99267861,0.432100090595909,0.9129893922952
"306",309,254,470,70.56496581,810.99267861,0.0870106077048004,1
"307",310,255,275,77.10724309,510.071215008,0.151169563820202,0.151169563820202
"308",311,255,342,12.46473231,510.071215008,0.0244372392388473,0.17560680305905
"309",312,255,346,3.354543748,510.071215008,0.00657661841973848,0.182183421478788
"310",313,255,382,119.1451556,510.071215008,0.233585334938243,0.415768756417031
"311",314,255,446,27.33522136,510.071215008,0.0535909899553365,0.469359746372367
"312",315,255,615,135.8749496,510.071215008,0.266384272631164,0.735744019003531
"313",316,255,1034,134.7893693,510.071215008,0.264255980996469,1
"314",317,256,155,167.4072506,338.1065075,0.49513170224918,0.49513170224918
"315",318,256,222,170.6992569,338.1065075,0.50486829775082,1
"316",319,257,239,34.57032116,249.9795845,0.138292577888496,0.138292577888496
"317",320,257,255,150.2172234,249.9795845,0.60091796576292,0.739210543651416
"318",321,257,273,65.19203994,249.9795845,0.260789456348584,1
"319",322,258,48,217.6629514,1777.33626411,0.122465824726192,0.122465824726192
"320",323,258,67,195.2751572,1777.33626411,0.109869562188776,0.232335386914968
"321",324,258,86,129.2440769,1777.33626411,0.0727178528395801,0.305053239754548
"322",325,258,87,73.67380158,1777.33626411,0.0414518080048809,0.346505047759429
"323",326,258,135,33.84149322,1777.33626411,0.0190405686888666,0.365545616448295
"324",327,258,138,75.26075234,1777.33626411,0.0423446895557981,0.407890306004093
"325",328,258,140,55.17115551,1777.33626411,0.0310414841716106,0.438931790175704
"326",329,258,147,191.4852804,1777.33626411,0.107737226920245,0.546669017095949
"327",330,258,151,84.65003429,1777.33626411,0.0476274726394493,0.594296489735398
"328",331,258,166,54.17379224,1777.33626411,0.0304803279682854,0.624776817703684
"329",332,258,170,62.54952521,1777.33626411,0.0351928481250686,0.659969665828752
"330",333,258,172,11.77932401,1777.33626411,0.00662751570868245,0.666597181537435
"331",334,258,218,124.1388238,1777.33626411,0.0698454346016298,0.736442616139065
"332",335,258,228,57.88394824,1777.33626411,0.0325678091472383,0.769010425286303
"333",336,258,273,173.7369268,1777.33626411,0.097751298000437,0.86676172328674
"334",337,258,301,113.3791491,1777.33626411,0.063791614107854,0.930553337394594
"335",338,258,849,54.22987368,1777.33626411,0.0305118816146789,0.961065219009273
"336",339,258,997,69.20019819,1777.33626411,0.0389347809907271,1
"337",340,259,105,285.666758,792.141170936,0.360626070808129,0.360626070808129
"338",341,259,352,5.497837286,792.141170936,0.0069404766318404,0.367566547439969
"339",342,259,413,292.2306464,792.141170936,0.368912331692971,0.73647887913294
"340",343,259,620,157.4198847,792.141170936,0.19872705835248,0.93520593748542
"341",344,259,995,51.32604455,792.141170936,0.0647940625145803,1
"342",345,261,187,894.606074,1331.0957942,0.672082413525817,0.672082413525817
"343",346,261,560,436.4897202,1331.0957942,0.327917586474183,1
"344",347,263,657,79.69571102,79.69571102,1,1
"345",348,264,843,31.74220459,31.74220459,1,1
"346",349,271,220,1,288.16225415,0.00347026713456878,0.00347026713456878
"347",350,271,281,122.4308006,288.16225415,0.424867583581123,0.428337850715692
"348",351,271,349,26.34273251,288.16225415,0.0914163188641895,0.519754169579881
"349",352,271,482,120.6721562,288.16225415,0.41876461771841,0.938518787298291
"350",353,271,1017,17.71656484,288.16225415,0.0614812127017087,1
"351",354,273,255,77.10724309,82.605080376,0.933444320119597,0.933444320119597
"352",355,273,352,5.497837286,82.605080376,0.0665556798804028,1
"353",356,274,218,134.9159162,282.96897671,0.47678695300322,0.47678695300322
"354",357,274,278,34.64312498,282.96897671,0.122427290025874,0.599214243029094
"355",358,274,354,64.2019954,282.96897671,0.226887046581779,0.826101289610873
"356",359,274,395,49.20794013,282.96897671,0.173898710389127,1
"357",360,275,55,17.94602256,1034.28134762,0.0173512000398111,0.0173512000398111
"358",361,275,230,101.51954,1034.28134762,0.0981546657818089,0.11550586582162
"359",362,275,255,76.98203921,1034.28134762,0.074430462646498,0.189936328468118
"360",363,275,274,74.73404262,1034.28134762,0.0722569761042018,0.26219330457232
"361",364,275,299,51.36147186,1034.28134762,0.0496590912890275,0.311852395861347
"362",365,275,345,56.07794032,1034.28134762,0.0542192319807775,0.366071627842125
"363",366,275,421,176.4704399,1034.28134762,0.170621311412101,0.536692939254226
"364",367,275,570,397.4563776,1034.28134762,0.38428265047474,0.920975589728967
"365",368,275,583,81.73347355,1034.28134762,0.0790244102710332,1
"366",369,276,60,159.099907,1779.375785113,0.089413325915243,0.089413325915243
"367",370,276,116,854.7367345,1779.375785113,0.480357629709859,0.569770955625102
"368",371,276,125,208.0255059,1779.375785113,0.116909259775494,0.686680215400596
"369",372,276,135,33.84149322,1779.375785113,0.0190187443839194,0.705698959784516
"370",373,276,232,100.4699959,1779.375785113,0.0564636187254957,0.762162578510011
"371",374,276,341,49.37640802,1779.375785113,0.0277492862570704,0.789911864767082
"372",375,276,345,29.1674736,1779.375785113,0.0163919695007807,0.806303834267862
"373",376,276,354,10.76702019,1779.375785113,0.00605100973053662,0.812354843998399
"374",377,276,362,94.0147573,1779.375785113,0.0528358079763514,0.865190651974751
"375",378,276,439,35.65392028,1779.375785113,0.020037319029682,0.885227971004433
"376",379,276,454,9.312017463,1779.375785113,0.00523330571367118,0.890461276718104
"377",380,276,516,104.4731188,1779.375785113,0.0587133531174616,0.949174629835565
"378",381,276,614,90.43743294,1779.375785113,0.0508253701644348,1
"379",382,277,423,89.4952088,389.71024659,0.229645511205033,0.229645511205033
"380",383,277,557,152.8432395,389.71024659,0.392197128090401,0.621842639295434
"381",384,277,597,113.1823795,389.71024659,0.290427004397129,0.912269643692563
"382",385,277,999,34.18941879,389.71024659,0.0877303563074374,1
"383",386,278,360,30.52427185,460.95993221,0.0662189264556166,0.0662189264556166
"384",387,278,362,48.94446266,460.95993221,0.106179429577194,0.172398356032811
"385",388,278,405,246.0137652,460.95993221,0.533698805491674,0.706097161524485
"386",389,278,523,135.4774325,460.95993221,0.293902838475515,1
"387",390,280,73,283.8153479,283.8153479,1,1
"388",391,281,366,12.70018116,409.21256806,0.0310356576295034,0.0310356576295034
"389",392,281,570,396.5123869,409.21256806,0.968964342370497,1
"390",393,282,215,1.053699378,1.053699378,1,1
"391",394,286,290,77.19272728,154.26458467,0.500391761629082,0.500391761629082
"392",395,286,317,34.74891793,154.26458467,0.225255317053712,0.725647078682794
"393",396,286,442,42.32293946,154.26458467,0.274352921317206,1
"394",397,287,90,156.563073,895.78843969,0.174776840226003,0.174776840226003
"395",398,287,199,488.5816988,895.78843969,0.545420857372395,0.720197697598399
"396",399,287,274,74.73404262,895.78843969,0.083428228484242,0.803625926082641
"397",400,287,342,15.04671257,895.78843969,0.0167971720813981,0.820423098164039
"398",401,287,360,160.8629127,895.78843969,0.179576901835961,1
"399",402,288,731,105.1211563,105.1211563,1,1
"400",403,289,37,507.6634303,2664.964811811,0.190495359657306,0.190495359657306
"401",404,289,61,97.92574592,2664.964811811,0.0367456056027448,0.22724096526005
"402",405,289,167,31.18862318,2664.964811811,0.0117032026245801,0.23894416788463
"403",406,289,180,244.2377145,2664.964811811,0.0916476320503557,0.330591799934986
"404",407,289,200,279.1895422,2664.964811811,0.104762937567748,0.435354737502734
"405",408,289,218,239.1298131,2664.964811811,0.089730945804683,0.525085683307417
"406",409,289,239,34.57032116,2664.964811811,0.0129721492031662,0.538057832510583
"407",410,289,281,100.7302676,2664.964811811,0.0377979728488602,0.575855805359443
"408",411,289,288,49.64466694,2664.964811811,0.0186286388172846,0.594484444176728
"409",412,289,298,7.913507961,2664.964811811,0.0029694605819663,0.597453904758694
"410",413,289,330,102.0132184,2664.964811811,0.0382793866350063,0.6357332913937
"411",414,289,341,49.37640802,2664.964811811,0.0185279774806654,0.654261268874366
"412",415,289,373,148.8057451,2664.964811811,0.055837789842665,0.710099058717031
"413",416,289,439,50.33494627,2664.964811811,0.018887658871486,0.728986717588517
"414",417,289,512,69.21614498,2664.964811811,0.0259726299849204,0.754959347573437
"415",418,289,590,65.26340955,2664.964811811,0.0244894076127218,0.779448755186159
"416",419,289,631,148.7929711,2664.964811811,0.0558329965335964,0.835281751719755
"417",420,289,667,297.7126067,2664.964811811,0.111713522587822,0.946995274307578
"418",421,289,952,80.97992225,2664.964811811,0.0303868636055158,0.977382137913094
"419",422,289,997,30.6581152,2664.964811811,0.0115041350880599,0.988886273001154
"420",423,289,998,29.61769138,2664.964811811,0.0111137269988466,1
"421",424,291,530,38.6792069,38.6792069,1,1
"422",425,292,292,77.3024,331.3743953,0.233278132216632,0.233278132216632
"423",426,292,359,254.0719953,331.3743953,0.766721867783368,1
"424",427,294,291,64.89133193,142.19373193,0.456358596467143,0.456358596467143
"425",428,294,292,77.3024,142.19373193,0.543641403532857,1
"426",429,295,996,101.6475758,101.6475758,1,1
"427",430,296,121,206.7359251,299.69347556,0.689824577307525,0.689824577307525
"428",431,296,997,92.95755046,299.69347556,0.310175422692475,1
"429",432,298,33,23.78475442,23.78475442,1,1
"430",433,299,184,359.5622892,1083.91595481,0.331725248257858,0.331725248257858
"431",434,299,196,389.6587103,1083.91595481,0.359491627160616,0.691216875418474
"432",435,299,215,1,1083.91595481,0.000922580755050598,0.692139456173525
"433",436,299,593,67.56387201,1083.91595481,0.0623331280531278,0.754472584226652
"434",437,299,835,266.1310833,1083.91595481,0.245527415773348,1
"435",438,301,211,155.6291574,155.6291574,1,1
"436",439,302,129,261.4423614,492.26766442,0.531097978389535,0.531097978389535
"437",440,302,280,87.22417033,492.26766442,0.177188502585823,0.708286480975357
"438",441,302,322,55.94438005,492.26766442,0.11364626217307,0.821932743148427
"439",442,302,530,87.65675264,492.26766442,0.178067256851573,1
"440",443,304,33,139.4622393,804.91031126,0.1732643219363,0.1732643219363
"441",444,304,194,397.4518845,804.91031126,0.493784063814305,0.667048385750605
"442",445,304,398,88.03481587,804.91031126,0.109372205373032,0.776420591123637
"443",446,304,528,144.3919547,804.91031126,0.179388874362872,0.955809465486509
"444",447,304,995,35.56941689,804.91031126,0.0441905345134912,1
"445",448,305,396,51.32604455,286.98613295,0.178845033460004,0.178845033460004
"446",449,305,413,235.6600884,286.98613295,0.821154966539996,1
"447",450,306,230,10.97548092,1342.28816422,0.00817669499930205,0.00817669499930205
"448",451,306,301,258.3924805,1342.28816422,0.192501496614292,0.200678191613594
"449",452,306,320,134.7320843,1342.28816422,0.100374932813546,0.301053124427139
"450",453,306,550,738.9169756,1342.28816422,0.550490569235841,0.85154369366298
"451",454,306,1006,199.2711429,1342.28816422,0.14845630633702,1
"452",455,307,131,253.2145671,406.1170388,0.623501461175335,0.623501461175335
"453",456,307,553,152.9024717,406.1170388,0.376498538824666,1
"454",457,309,192,231.3081229,717.92153517,0.322191369903993,0.322191369903993
"455",458,309,310,70.33662343,717.92153517,0.0979725777599702,0.420163947663963
"456",459,309,312,177.8529288,717.92153517,0.247733101860338,0.667897049524302
"457",460,309,427,183.4648888,717.92153517,0.255550056395169,0.923447105919471
"458",461,309,543,54.95897124,717.92153517,0.0765528940805293,1
"459",462,310,310,104.3933831,686.60257378,0.152043390290945,0.152043390290945
"460",463,310,312,177.8529288,686.60257378,0.25903329756085,0.411076687851795
"461",464,310,398,76.93016768,686.60257378,0.112044682932764,0.523121370784559
"462",465,310,413,219.2157473,686.60257378,0.319276034887455,0.842397405672015
"463",466,310,996,108.2103469,686.60257378,0.157602594327985,1
"464",467,311,348,5.2663494,381.4807529,0.0138050199386612,0.0138050199386612
"465",468,311,412,376.2144035,381.4807529,0.986194980061339,1
"466",469,312,400,317.9235645,317.9235645,1,1
"467",470,313,215,86.88920446,1516.00328986,0.0573146542894535,0.0573146542894535
"468",471,313,310,134.458004,1516.00328986,0.0886924223049786,0.146007076594432
"469",472,313,311,381.6083714,1516.00328986,0.251720015353819,0.397727091948252
"470",473,313,401,123.1869183,1516.00328986,0.0812576853387806,0.478984777287032
"471",474,313,423,89.4952088,1516.00328986,0.0590336507833467,0.538018428070379
"472",475,313,554,397.9753693,1516.00328986,0.262516164682434,0.800534592752813
"473",476,313,556,302.3902136,1516.00328986,0.199465407247187,1
"474",477,314,27,137.8830104,137.8830104,1,1
"475",478,315,553,152.4093572,152.4093572,1,1
"476",479,316,954,15.44451556,15.44451556,1,1
"477",480,317,123,323.6351863,2133.9660841,0.151659011223926,0.151659011223926
"478",481,317,135,33.84149322,2133.9660841,0.0158584962863984,0.167517507510325
"479",482,317,194,312.188786,2133.9660841,0.146295102029077,0.313812609539402
"480",483,317,310,64.87142618,2133.9660841,0.0303994644822856,0.344212074021688
"481",484,317,400,394.4280276,2133.9660841,0.184833316020742,0.529045390042429
"482",485,317,412,223.088541,2133.9660841,0.104541746310878,0.633587136353307
"483",486,317,529,276.4230829,2133.9660841,0.129534899809142,0.763122036162449
"484",487,317,530,113.3300762,2133.9660841,0.0531077213665263,0.816229757528975
"485",488,317,554,392.1594647,2133.9660841,0.183770242471025,1
"486",489,318,301,156.6470838,223.87363067,0.699712080119454,0.699712080119454
"487",490,318,591,67.22654687,223.87363067,0.300287919880546,1
"488",491,319,215,1,103.6606872,0.00964685867913096,0.00964685867913096
"489",492,319,401,102.6606872,103.6606872,0.990353141320869,1
"490",493,320,560,202.5420391,202.5420391,1,1
"491",494,321,1006,174.4435591,174.4435591,1,1
"492",495,322,174,167.6646035,935.147085154,0.179292227032274,0.179292227032274
"493",496,322,281,100.7302676,935.147085154,0.107715961691108,0.287008188723382
"494",497,322,283,121.5563567,935.147085154,0.129986350414579,0.416994539137961
"495",498,322,298,7.858553044,935.147085154,0.00840354760097002,0.425398086738931
"496",499,322,301,158.3590738,935.147085154,0.169341354225492,0.594739440964423
"497",500,322,410,76.33112556,935.147085154,0.081624727031502,0.676364167995925
"498",501,322,489,70.23247185,935.147085154,0.0751031286574925,0.751467296653418
"499",502,322,650,232.4146331,935.147085154,0.248532703346582,1
"500",503,323,999,27.68853363,27.68853363,1,1
"501",504,324,359,50.53539069,509.98173559,0.0990925501116925,0.0990925501116925
"502",505,324,378,167.2687152,509.98173559,0.327989619091919,0.427082169203612
"503",506,324,1035,292.1776297,509.98173559,0.572917830796388,1
"504",507,325,530,23.01412811,23.01412811,1,1
"505",508,326,374,166.0693256,166.0693256,1,1
"506",509,327,33,23.78475442,684.72516438,0.0347362060828251,0.0347362060828251
"507",510,327,131,131.2726379,684.72516438,0.191715807639206,0.226452013722031
"508",511,327,218,239.1298131,684.72516438,0.349234737584861,0.575686751306892
"509",512,327,220,1,684.72516438,0.00146043997215361,0.577147191279046
"510",513,327,232,100.4699959,684.72516438,0.146730398014469,0.723877589293515
"511",514,327,340,40.20256546,684.72516438,0.0587134335809059,0.782591022874421
"512",515,327,530,99.1262119,684.72516438,0.144767882146928,0.927358905021349
"513",516,327,702,49.7391857,684.72516438,0.072641094978651,1
"514",517,328,328,37.58434403,993.91589371,0.0378144109253636,0.0378144109253636
"515",518,328,446,99.08689171,993.91589371,0.0996934371782077,0.137507848103571
"516",519,328,509,12.31316877,993.91589371,0.0123885419761611,0.149896390079732
"517",520,328,528,548.6894278,993.91589371,0.552048147406016,0.701944537485748
"518",521,328,621,296.2420614,993.91589371,0.298055462514252,1
"519",522,330,449,18.05071315,18.05071315,1,1
"520",523,332,382,206.887712,818.9329621,0.252630827643664,0.252630827643664
"521",524,332,1006,612.0452501,818.9329621,0.747369172356336,1
"522",525,334,238,57.67721985,57.67721985,1,1
"523",526,335,366,12.70018116,231.95865316,0.054751918012042,0.054751918012042
"524",527,335,413,219.258472,231.95865316,0.945248081987958,1
"525",528,336,117,866.9204818,916.29688982,0.946113090016381,0.946113090016381
"526",529,336,341,49.37640802,916.29688982,0.0538869099836186,1
"527",530,337,211,155.6291574,206.95520195,0.751994421660393,0.751994421660393
"528",531,337,995,51.32604455,206.95520195,0.248005578339607,1
"529",532,339,115,872.1803413,872.1803413,1,1
"530",533,341,843,31.74220459,31.74220459,1,1
"531",534,342,172,41.17839746,232.14660848,0.177380999574446,0.177380999574446
"532",535,342,257,44.61214152,232.14660848,0.192172273427132,0.369553273001579
"533",536,342,422,87.77922397,232.14660848,0.378119777604084,0.747673050605663
"534",537,342,640,58.57684553,232.14660848,0.252326949394337,1
"535",538,343,589,160.0770795,160.0770795,1,1
"536",539,344,378,13.93050915,304.25836192,0.0457851316298837,0.0457851316298837
"537",540,344,422,87.77922397,304.25836192,0.288502256490424,0.334287388120307
"538",541,344,553,202.5486288,304.25836192,0.665712611879693,1
"539",542,345,278,49.75469502,605.38732602,0.0821865488118201,0.0821865488118201
"540",543,345,545,341.4051626,605.38732602,0.56394501160852,0.64613156042034
"541",544,345,557,214.2274684,605.38732602,0.353868439579659,1
"542",545,346,462,48.23475106,163.12167866,0.29569798114043,0.29569798114043
"543",546,346,678,114.8869276,163.12167866,0.70430201885957,1
"544",547,349,655,67.84138185,67.84138185,1,1
"545",548,351,46,134.9114511,941.46649042,0.143299259689864,0.143299259689864
"546",549,351,131,116.1238779,941.46649042,0.123343612419169,0.266642872109033
"547",550,351,175,144.1005713,941.46649042,0.153059692263412,0.419702564372445
"548",551,351,454,39.04257322,941.46649042,0.0414699552424671,0.461172519614912
"549",552,351,621,507.2880169,941.46649042,0.538827480385088,1
"550",553,352,569,332.0030574,332.0030574,1,1
"551",554,353,251,57.9657507,57.9657507,1,1
"552",555,354,41,201.3302842,839.20049683,0.239907250961488,0.239907250961488
"553",556,354,230,81.10010477,839.20049683,0.0966397244476712,0.336546975409159
"554",557,354,356,61.40941874,839.20049683,0.0731760991228773,0.409723074532036
"555",558,354,360,67.15339807,839.20049683,0.080020684358107,0.489743758890143
"556",559,354,422,129.7878526,839.20049683,0.154656548810756,0.6444003077009
"557",560,354,512,206.5555485,839.20049683,0.246133729996877,0.890534037697776
"558",561,354,853,91.86388995,839.20049683,0.109465962302223,1
"559",562,355,218,22.03736986,74.856458208,0.294395038017506,0.294395038017506
"560",563,355,348,3.098293878,74.856458208,0.0413898005886268,0.335784838606133
"561",564,355,991,49.72079447,74.856458208,0.664215161393867,1
"562",565,356,359,42.38610803,42.38610803,1,1
"563",566,357,286,100.1528896,100.1528896,1,1
"564",567,358,835,316.827955,316.827955,1,1
"565",568,359,362,9.767766992,9.767766992,1,1
"566",569,360,586,161.8170478,161.8170478,1,1
"567",570,362,379,139.5516171,309.53576422,0.450841657834456,0.450841657834456
"568",571,362,435,95.72961078,309.53576422,0.309268336152461,0.760109993986917
"569",572,362,663,74.25453634,309.53576422,0.239890006013083,1
"570",573,363,280,87.22417033,1587.9567132,0.0549285566822717,0.0549285566822717
"571",574,363,293,131.4537332,1587.9567132,0.0827816854875714,0.137710242169843
"572",575,363,310,129.6237129,1587.9567132,0.0816292483431657,0.219339490513009
"573",576,363,360,152.2725104,1587.9567132,0.0958921040694776,0.315231594582486
"574",577,363,551,357.3125152,1587.9567132,0.225014014695624,0.540245609278111
"575",578,363,562,325.9354397,1587.9567132,0.205254612415212,0.745500221693323
"576",579,363,590,66.77822757,1587.9567132,0.0420529268933475,0.78755314858667
"577",580,363,617,337.3564039,1587.9567132,0.21244685141333,1
"578",581,364,354,21.09753956,749.74595313,0.0281395844444683,0.0281395844444683
"579",582,364,364,242.7803248,749.74595313,0.323816785921222,0.351956370365691
"580",583,364,438,194.318221,749.74595313,0.259178752734537,0.611135123100228
"581",584,364,509,43.19479237,749.74595313,0.0576125715513003,0.668747694651528
"582",585,364,570,248.3550754,749.74595313,0.331252305348472,1
"583",586,365,743,2.661119139,2.661119139,1,1
"584",587,367,444,50.02042407,284.614131,0.175748210021237,0.175748210021237
"585",588,367,533,81.02722063,284.614131,0.284691488596538,0.460439698617775
"586",589,367,677,153.5664863,284.614131,0.539560301382225,1
"587",590,368,374,166.0693256,166.0693256,1,1
"588",591,369,133,197.2349287,606.4180638,0.325245800667721,0.325245800667721
"589",592,369,538,225.572319,606.4180638,0.37197493357387,0.697220734241591
"590",593,369,539,183.6108161,606.4180638,0.302779265758409,1
"591",594,370,288,49.59610283,265.196339952,0.187016543437126,0.187016543437126
"592",595,370,335,58.26750693,265.196339952,0.219714596892801,0.406731140329927
"593",596,370,362,9.767766992,265.196339952,0.0368322088976339,0.443563349227561
"594",597,370,531,147.5649632,265.196339952,0.556436650772439,1
"595",598,371,425,175.7021846,235.66566931,0.745556979573793,0.745556979573793
"596",599,371,670,59.96348471,235.66566931,0.254443020426207,1
"597",600,374,413,219.2067133,386.3613702,0.567361879854934,0.567361879854934
"598",601,374,942,167.1546569,386.3613702,0.432638120145066,1
"599",602,378,379,139.5516171,139.5516171,1,1
"600",603,381,367,7.257246377,313.252597677,0.0231673940801061,0.0231673940801061
"601",604,381,509,84.3990413,313.252597677,0.269428065164922,0.292595459245029
"602",605,381,529,221.59631,313.252597677,0.707404540754971,1
"603",606,382,354,23.28004366,606.72630785,0.0383699262069175,0.0383699262069175
"604",607,382,418,125.7279682,606.72630785,0.207223531554995,0.245593457761912
"605",608,382,424,166.7130052,606.72630785,0.274774643925966,0.520368101687879
"606",609,382,427,183.4648888,606.72630785,0.302384924514198,0.822753026202076
"607",610,382,452,44.74227983,606.72630785,0.0737437609859857,0.896496787188062
"608",611,382,670,62.79812216,606.72630785,0.103503212811938,1
"609",612,384,201,82.543829,1185.59688227,0.0696221711058802,0.0696221711058802
"610",613,384,301,258.3924805,1185.59688227,0.217942948707211,0.287565119813091
"611",614,384,410,137.5243136,1185.59688227,0.11599584619073,0.403560966003821
"612",615,384,413,219.2067133,1185.59688227,0.184891438715912,0.588452404719733
"613",616,384,542,56.24838607,1185.59688227,0.0474430954662298,0.635895500185963
"614",617,384,953,278.602207,1185.59688227,0.234988984170214,0.870884484356177
"615",618,384,1006,153.0789528,1185.59688227,0.129115515643823,1
"616",619,385,410,114.5780648,331.662516,0.34546582526679,0.34546582526679
"617",620,385,629,217.0844512,331.662516,0.65453417473321,1
"618",621,386,403,266.6857844,357.12321734,0.746761261803097,0.746761261803097
"619",622,386,614,90.43743294,357.12321734,0.253238738196903,1
"620",623,389,279,121.80504,796.68830194,0.152889203598691,0.152889203598691
"621",624,389,379,208.5040223,796.68830194,0.261713422667656,0.414602626266346
"622",625,389,523,133.2787859,796.68830194,0.167291003991719,0.581893630258065
"623",626,389,532,92.62529454,796.68830194,0.1162629027117,0.698156532969765
"624",627,389,554,165.5598593,796.68830194,0.207810079421084,0.90596661239085
"625",628,389,578,74.9152999,796.68830194,0.0940333876091506,1
"626",629,390,410,17.03638725,17.03638725,1,1
"627",630,391,410,152.7356817,599.123128,0.254932040780773,0.254932040780773
"628",631,391,560,446.3874463,599.123128,0.745067959219228,1
"629",632,392,389,272.9302525,871.2586044,0.313259749885576,0.313259749885576
"630",633,392,560,435.4999476,871.2586044,0.499851531337141,0.813111281222717
"631",634,392,614,162.8284043,871.2586044,0.186888718777283,1
"632",635,393,310,76.06035799,136.0238427,0.559169307970153,0.559169307970153
"633",636,393,670,59.96348471,136.0238427,0.440830692029847,1
"634",637,395,531,183.9062452,183.9062452,1,1
"635",638,399,550,299.9330284,299.9330284,1,1
"636",639,401,424,121.547647,121.547647,1,1
"637",640,402,192,231.2513877,1808.9052696,0.127840518564654,0.127840518564654
"638",641,402,390,273.5537898,1808.9052696,0.151226155618691,0.279066674183346
"639",642,402,400,317.9235645,1808.9052696,0.175754678723614,0.454821352906959
"640",643,402,413,378.72193,1808.9052696,0.209365264375478,0.664186617282438
"641",644,402,529,185.632107,1808.9052696,0.102621242869754,0.766807860152192
"642",645,402,539,129.6350307,1808.9052696,0.071664908538116,0.838472768690308
"643",646,402,1035,292.1874599,1808.9052696,0.161527231309692,1
"644",647,405,330,101.008437,101.008437,1,1
"645",648,406,995,54.29016263,54.29016263,1,1
"646",649,407,401,123.1869183,123.1869183,1,1
"647",650,409,521,308.5208701,2808.0726274,0.109869263027452,0.109869263027452
"648",651,409,527,338.6792798,2808.0726274,0.120609159640427,0.230478422667879
"649",652,409,529,157.5978704,2808.0726274,0.0561231461260032,0.286601568793883
"650",653,409,554,196.9404862,2808.0726274,0.0701336868136305,0.356735255607513
"651",654,409,564,446.6406439,2808.0726274,0.159055944473041,0.515791200080554
"652",655,409,569,1359.693477,2808.0726274,0.484208799919446,1
"653",656,410,127,38.01562467,158.4665611,0.239896823696517,0.239896823696517
"654",657,410,530,84.88151954,158.4665611,0.53564309688298,0.775539920579497
"655",658,410,995,35.56941689,158.4665611,0.224460079420503,1
"656",659,411,413,657.6718987,1467.0342605,0.448300299732502,0.448300299732502
"657",660,411,509,105.8090922,1467.0342605,0.0721244861479498,0.520424785880452
"658",661,411,527,223.680954,1467.0342605,0.1524715270956,0.672896312976053
"659",662,411,529,187.6946859,1467.0342605,0.127941583202037,0.80083789617809
"660",663,411,1035,292.1776297,1467.0342605,0.19916210382191,1
"661",664,412,529,183.8641822,432.8083856,0.424816589320722,0.424816589320722
"662",665,412,570,248.9442034,432.8083856,0.575183410679278,1
"663",666,414,410,86.27693941,308.67905411,0.279503705422314,0.279503705422314
"664",667,414,414,222.4021147,308.67905411,0.720496294577686,1
"665",668,415,414,188.9497872,341.8915294,0.55266004259186,0.55266004259186
"666",669,415,556,152.9417422,341.8915294,0.44733995740814,1
"667",670,416,667,152.6871641,152.6871641,1,1
"668",671,417,410,17.03638725,667.36136796,0.0255279793945476,0.0255279793945476
"669",672,417,527,31.02561581,667.36136796,0.0464899787424609,0.0720179581370085
"670",673,417,528,128.3160909,667.36136796,0.192273777087575,0.264291735224583
"671",674,417,548,241.9819015,667.36136796,0.362595009417003,0.626886744641586
"672",675,417,570,249.0013725,667.36136796,0.373113255358414,1
"673",676,418,515,141.316296,141.316296,1,1
"674",677,420,422,74.80939578,74.80939578,1,1
"675",678,421,415,368.5641106,516.54088711,0.713523594738227,0.713523594738227
"676",679,421,515,85.43249895,516.54088711,0.165393487876608,0.878917082614835
"677",680,421,530,62.54427756,516.54088711,0.121082917385165,1
"678",681,423,418,102.6479168,742.977254,0.138157549571497,0.138157549571497
"679",682,423,528,223.6802878,742.977254,0.301059402015018,0.439216951586515
"680",683,423,951,124.4714197,742.977254,0.167530592666031,0.606747544252546
"681",684,423,1035,292.1776297,742.977254,0.393252455747454,1
"682",685,425,424,166.7130052,499.06410944,0.334051281281414,0.334051281281414
"683",686,425,607,77.86885414,499.06410944,0.156029761842375,0.490081043123789
"684",687,425,618,254.4822501,499.06410944,0.509918956876211,1
"685",688,427,436,84.74290982,84.74290982,1,1
"686",689,429,427,182.79433,182.79433,1,1
"687",690,430,657,79.51798882,79.51798882,1,1
"688",691,431,427,183.2264679,273.77237149,0.66926573672425,0.66926573672425
"689",692,431,639,90.54590359,273.77237149,0.33073426327575,1
"690",693,432,509,104.9778199,104.9778199,1,1
"691",694,433,215,1,944.26360943,0.00105902630368616,0.00105902630368616
"692",695,433,279,35.61919284,944.26360943,0.0377216621336296,0.0387806884373157
"693",696,433,415,368.5641106,944.26360943,0.390319087720093,0.429099776157409
"694",697,433,509,84.3990413,944.26360943,0.0893808047425941,0.518480580900003
"695",698,433,569,283.2543472,944.26360943,0.299973804318251,0.818454385218254
"696",699,433,614,102.5690736,944.26360943,0.108623346887121,0.927077732105375
"697",700,433,853,68.85784389,944.26360943,0.072922267894625,1
"698",701,434,462,45.33692687,45.33692687,1,1
"699",702,437,684,809.7723395,809.7723395,1,1
"700",703,438,560,357.6906236,357.6906236,1,1
"701",704,439,942,171.6320138,171.6320138,1,1
"702",705,440,362,24.52614342,24.52614342,1,1
"703",706,441,977,163.664239,163.664239,1,1
"704",707,442,354,32.30106057,370.78308747,0.0871157872663582,0.0871157872663582
"705",708,442,382,119.5254639,370.78308747,0.322359535640014,0.409475322906372
"706",709,442,396,218.956563,370.78308747,0.590524677093628,1
"707",710,443,362,9.767766992,447.654717082,0.021819868347798,0.021819868347798
"708",711,443,447,169.0810457,447.654717082,0.377704152884037,0.399524021231835
"709",712,443,531,178.2600008,447.654717082,0.398208695223794,0.797732716455629
"710",713,443,639,90.54590359,447.654717082,0.202267283544371,1
"711",714,446,74,397.4308316,599.65678515,0.662763836651303,0.662763836651303
"712",715,446,225,80.97137445,599.65678515,0.135029530983704,0.797793367635006
"713",716,446,452,121.2545791,599.65678515,0.202206632364994,1
"714",717,451,509,105.2562756,105.2562756,1,1
"715",718,452,462,72.5618343,72.5618343,1,1
"716",719,453,434,36.38844854,106.95341435,0.340227086354817,0.340227086354817
"717",720,453,470,70.56496581,106.95341435,0.659772913645183,1
"718",721,454,220,1,773.3393089,0.00129309345650928,0.00129309345650928
"719",722,454,650,288.356697,773.3393089,0.37287215803133,0.374165251487839
"720",723,454,835,316.827955,773.3393089,0.409688155449717,0.783853406937556
"721",724,454,942,167.1546569,773.3393089,0.216146593062444,1
"722",725,456,339,41.60770367,318.21682274,0.130752684008776,0.130752684008776
"723",726,456,437,169.725164,318.21682274,0.533363266399886,0.664115950408663
"724",727,456,454,39.04257322,318.21682274,0.122691732271803,0.786807682680466
"725",728,456,655,67.84138185,318.21682274,0.213192317319534,1
"726",729,457,185,363.2312921,1606.87508934,0.226048243892555,0.226048243892555
"727",730,457,207,481.0360355,1606.87508934,0.2993611878678,0.525409431760356
"728",731,457,211,155.6291574,1606.87508934,0.096852056785523,0.622261488545879
"729",732,457,517,228.6908303,1606.87508934,0.142320228757751,0.764581717303629
"730",733,457,535,336.8530938,1606.87508934,0.209632407667952,0.974214124971582
"731",734,457,843,41.43468024,1606.87508934,0.0257858750284185,1
"732",735,458,229,131.975402,323.31929085,0.408189074190529,0.408189074190529
"733",736,458,285,102.0528089,323.31929085,0.315640952421073,0.723830026611603
"734",737,458,663,89.29107995,323.31929085,0.276169973388397,1
"735",738,459,216,168.6722033,673.96501428,0.250268485345925,0.250268485345925
"736",739,459,344,41.5675828,673.96501428,0.0616761729752498,0.311944658321174
"737",740,459,360,13.73592233,673.96501428,0.0203807646375742,0.332325422958749
"738",741,459,452,55.56468194,673.96501428,0.0824444604136611,0.41476988337241
"739",742,459,509,105.4988016,673.96501428,0.156534537201022,0.571304420573432
"740",743,459,558,198.8361855,673.96501428,0.295024491311938,0.86632891188537
"741",744,459,951,90.08963681,673.96501428,0.13367108811463,1
"742",745,466,468,63.75752205,63.75752205,1,1
"743",746,468,442,62.15202035,71.464037813,0.869696455056643,0.869696455056643
"744",747,468,454,9.312017463,71.464037813,0.130303544943357,1
"745",748,475,340,49.86309304,49.86309304,1,1
"746",749,476,360,160.8629127,160.8629127,1,1
"747",750,477,419,107.9342458,308.1688607,0.350243842141705,0.350243842141705
"748",751,477,682,200.2346149,308.1688607,0.649756157858295,1
"749",752,479,482,239.8545326,239.8545326,1,1
"750",753,483,529,183.8641822,183.8641822,1,1
"751",754,492,527,223.680954,223.680954,1,1
"752",755,500,122,148.7101298,333.9727693,0.445276212523833,0.445276212523833
"753",756,500,745,185.2626395,333.9727693,0.554723787476167,1
"754",757,501,439,42.4783186,517.60176503,0.0820675690654532,0.0820675690654532
"755",758,501,449,54.15213945,517.60176503,0.10462124186702,0.186688810932473
"756",759,501,460,27.84349878,517.60176503,0.0537932840673103,0.240482094999783
"757",760,501,462,55.7638385,517.60176503,0.107735023849403,0.348217118849186
"758",761,501,712,337.3639697,517.60176503,0.651782881150814,1
"759",762,502,452,32.50507509,524.16349967,0.0620132365387219,0.0620132365387219
"760",763,502,569,280.576688,524.16349967,0.535284673916906,0.597297910455628
"761",764,502,592,66.64318565,524.16349967,0.127141980874206,0.724439891329834
"762",765,502,703,101.3553218,524.16349967,0.193365852188889,0.917805743518723
"763",766,502,743,14.58682193,524.16349967,0.0278287632373935,0.945634506756116
"764",767,502,982,10.97548092,524.16349967,0.0209390408277377,0.966573547583854
"765",768,502,1051,17.52092628,524.16349967,0.0334264524161464,1
"766",769,503,288,49.64466694,332.50343884,0.149305724816545,0.149305724816545
"767",770,503,436,119.9906048,332.50343884,0.360870267142528,0.510175991959073
"768",771,503,588,162.8681671,332.50343884,0.489824008040927,1
"769",772,504,117,866.9204818,1380.7525025,0.627860880375265,0.627860880375265
"770",773,504,519,269.0689918,1380.7525025,0.194871268611009,0.822732148986274
"771",774,504,667,244.7630289,1380.7525025,0.177267851013726,1
"772",775,505,175,123.9478587,665.6279021,0.186211933587752,0.186211933587752
"773",776,505,550,436.4897202,665.6279021,0.655756344983303,0.841968278571055
"774",777,505,760,105.1903232,665.6279021,0.158031721428945,1
"775",778,506,629,271.355564,271.355564,1,1
"776",779,507,703,63.29536422,63.29536422,1,1
"777",780,511,414,222.4021147,222.4021147,1,1
"778",781,513,362,48.94446266,309.20792176,0.15828980829925,0.15828980829925
"779",782,513,620,91.8085613,309.20792176,0.296915294981542,0.455205103280792
"780",783,513,989,168.4548978,309.20792176,0.544794896719208,1
"781",784,514,512,79.94464746,247.09930436,0.323532466702247,0.323532466702247
"782",785,514,942,167.1546569,247.09930436,0.676467533297753,1
"783",786,515,512,79.94464746,177.33944535,0.450800143770721,0.450800143770721
"784",787,515,557,97.39479789,177.33944535,0.549199856229279,1
"785",788,516,425,175.7021846,333.4772029,0.526879148175799,0.526879148175799
"786",789,516,1048,157.7750183,333.4772029,0.473120851824201,1
"787",790,517,122,148.7101298,148.7101298,1,1
"788",791,519,378,203.6550915,566.98980028,0.359186516934569,0.359186516934569
"789",792,519,553,202.5486288,566.98980028,0.357235048496418,0.716421565430986
"790",793,519,583,81.73347355,566.98980028,0.144153340165268,0.860574905596254
"791",794,519,590,79.05260643,566.98980028,0.139425094403746,1
"792",795,520,553,152.7963928,321.6025239,0.475109433057531,0.475109433057531
"793",796,520,554,168.8061311,321.6025239,0.524890566942469,1
"794",797,521,528,223.6802878,269.93417272,0.828647538568677,0.828647538568677
"795",798,521,530,46.25388492,269.93417272,0.171352461431323,1
"796",799,522,1006,204.1233289,204.1233289,1,1
"797",800,523,529,552.8461659,742.68114484,0.744392354297756,0.744392354297756
"798",801,523,989,171.1792358,742.68114484,0.230488194010739,0.974880548308495
"799",802,523,995,18.65574314,742.68114484,0.025119451691505,1
"800",803,524,530,46.25388492,46.25388492,1,1
"801",804,526,414,189.0353623,189.0353623,1,1
"802",805,527,531,183.502942,183.502942,1,1
"803",806,528,533,81.02722063,121.97885192,0.664272694443311,0.664272694443311
"804",807,528,995,40.95163129,121.97885192,0.335727305556689,1
"805",808,530,396,350.4300099,1516.0601783,0.231145184680562,0.231145184680562
"806",809,530,551,708.0386245,1516.0601783,0.467025408776282,0.698170593456844
"807",810,530,556,152.9417422,1516.0601783,0.100881049703118,0.799051643159962
"808",811,530,979,304.6498017,1516.0601783,0.200948356840038,1
"809",812,532,551,358.7849568,358.7849568,1,1
"810",813,537,542,64.65761322,64.65761322,1,1
"811",814,539,530,38.6792069,489.07019082,0.0790872304753403,0.0790872304753403
"812",815,539,587,262.5602892,489.07019082,0.536856046695011,0.615943277170352
"813",816,539,657,95.36478802,489.07019082,0.194992027340915,0.810935304511267
"814",817,539,732,92.4659067,489.07019082,0.189064695488733,1
"815",818,540,553,295.4107294,706.8535826,0.417923508732033,0.417923508732033
"816",819,540,943,411.4428532,706.8535826,0.582076491267967,1
"817",820,541,677,52.40456347,52.40456347,1,1
"818",821,543,531,147.023109,775.6375944,0.18955129310581,0.18955129310581
"819",822,543,583,103.0735836,775.6375944,0.132888844409009,0.32244013751482
"820",823,543,664,156.0042651,775.6375944,0.201130355498921,0.523570493013741
"821",824,543,945,369.5366367,775.6375944,0.476429506986259,1
"822",825,544,355,162.4690773,865.7928431,0.187653523120235,0.187653523120235
"823",826,544,528,373.2442898,865.7928431,0.431101149396877,0.618754672517112
"824",827,544,570,330.079476,865.7928431,0.381245327482888,1
"825",828,547,948,232.2182723,232.2182723,1,1
"826",829,548,550,444.5728632,1338.3375284,0.332182916316703,0.332182916316703
"827",830,548,557,893.7646652,1338.3375284,0.667817083683297,1
"828",831,550,550,222.2864316,222.2864316,1,1
"829",832,551,553,280.8607932,529.8049966,0.530121072852109,0.530121072852109
"830",833,551,570,248.9442034,529.8049966,0.469878927147891,1
"831",834,553,414,222.4021147,1333.5440414,0.166775230360232,0.166775230360232
"832",835,553,529,221.59631,1333.5440414,0.166170972326764,0.332946202686996
"833",836,553,553,736.6038745,1333.5440414,0.552365614956884,0.88531181764388
"834",837,553,556,152.9417422,1333.5440414,0.11468818235612,1
"835",838,554,554,168.8061311,168.8061311,1,1
"836",839,557,556,175.0168439,1273.8005307,0.137397370845671,0.137397370845671
"837",840,557,557,249.558789,1273.8005307,0.195916694164712,0.333314065010383
"838",841,557,560,849.2248978,1273.8005307,0.666685934989617,1
"839",842,560,550,438.9839472,1074.899968,0.408395162590609,0.408395162590609
"840",843,560,553,152.4093572,1074.899968,0.141789340159325,0.550184502749934
"841",844,560,564,202.9299756,1074.899968,0.188789637772135,0.73897414052207
"842",845,560,569,280.576688,1074.899968,0.26102585947793,1
"843",846,561,413,235.6600884,235.6600884,1,1
"844",847,562,570,498.0027449,697.2738878,0.71421396041557,0.71421396041557
"845",848,562,1006,199.2711429,697.2738878,0.28578603958443,1
"846",849,563,563,309.658043,697.8207245,0.443750138292145,0.443750138292145
"847",850,563,568,388.1626815,697.8207245,0.556249861707855,1
"848",851,565,554,195.2189785,797.3056848,0.244848346401756,0.244848346401756
"849",852,565,947,602.0867063,797.3056848,0.755151653598244,1
"850",853,566,1003,214.1406949,214.1406949,1,1
"851",854,567,125,252.8399893,822.8776032,0.307263180230885,0.307263180230885
"852",855,567,557,118.7525629,822.8776032,0.144313762384826,0.451576942615711
"853",856,567,564,202.9299756,822.8776032,0.246610157830092,0.698187100445803
"854",857,567,570,248.3550754,822.8776032,0.301812899554197,1
"855",858,568,544,386.4779477,2374.7457207,0.16274498121259,0.16274498121259
"856",859,568,945,1988.267773,2374.7457207,0.83725501878741,1
"857",860,569,569,332.0030574,332.0030574,1,1
"858",861,571,526,197.8555309,197.8555309,1,1
"859",862,572,410,76.36784087,76.36784087,1,1
"860",863,573,373,148.8057451,821.28379762,0.181186753630383,0.181186753630383
"861",864,573,543,63.25445322,821.28379762,0.0770189956301405,0.258205749260523
"862",865,573,667,106.9560005,821.28379762,0.130230257567418,0.388436006827941
"863",866,573,942,502.2675988,821.28379762,0.611563993172059,1
"864",867,574,573,168.8430878,168.8430878,1,1
"865",868,575,553,152.9024717,232.22451566,0.658425193677073,0.658425193677073
"866",869,575,657,79.32204396,232.22451566,0.341574806322927,1
"867",870,576,288,121.6832045,520.8140752,0.233640391637403,0.233640391637403
"868",871,576,509,168.7980826,520.8140752,0.324104302548235,0.557744694185638
"869",872,576,621,230.3327881,520.8140752,0.442255305814362,1
"870",873,577,449,173.6556204,221.19274639,0.78508731969816,0.78508731969816
"871",874,577,509,47.53712599,221.19274639,0.21491268030184,1
"872",875,581,542,64.65761322,64.65761322,1,1
"873",876,582,401,205.4535,571.10583525,0.35974680579137,0.35974680579137
"874",877,582,413,235.6600884,571.10583525,0.412638207937134,0.772385013728504
"875",878,582,444,50.02042407,571.10583525,0.0875852092250181,0.859970222953522
"876",879,582,591,79.97182278,571.10583525,0.140029777046478,1
"877",880,587,437,171.4815791,171.4815791,1,1
"878",881,588,477,49.27789952,127.99136979,0.385009548697322,0.385009548697322
"879",882,588,500,35.5186779,127.99136979,0.277508381684459,0.662517930381781
"880",883,588,509,43.19479237,127.99136979,0.337482069618219,1
"881",884,590,577,147.9006777,231.03404872,0.640168315100806,0.640168315100806
"882",885,590,610,50.20692827,231.03404872,0.217313978386138,0.857482293486944
"883",886,590,982,32.92644275,231.03404872,0.142517706513056,1
"884",887,592,366,16.93357488,167.63805202,0.101012715645131,0.101012715645131
"885",888,592,609,56.14348375,167.63805202,0.334908948615687,0.435921664260818
"886",889,592,970,94.56099339,167.63805202,0.564078335739182,1
"887",890,593,460,27.84349878,82.13366141,0.339002283619247,0.339002283619247
"888",891,593,995,54.29016263,82.13366141,0.660997716380753,1
"889",892,594,616,253.7168899,253.7168899,1,1
"890",893,595,67,195.2751572,225.19702161,0.867130283535369,0.867130283535369
"891",894,595,449,29.92186441,225.19702161,0.132869716464631,1
"892",895,596,340,49.68568712,49.68568712,1,1
"893",896,602,613,797.5268783,797.5268783,1,1
"894",897,603,590,56.98323671,56.98323671,1,1
"895",898,615,732,123.4384102,123.4384102,1,1
"896",899,616,978,254.0259507,254.0259507,1,1
"897",900,618,515,51.78232847,323.53040297,0.160053979454913,0.160053979454913
"898",901,618,629,271.7480745,323.53040297,0.839946020545087,1
"899",902,620,279,121.80504,393.160604,0.309809881154827,0.309809881154827
"900",903,620,627,271.355564,393.160604,0.690190118845173,1
"901",904,627,569,642.7446871,642.7446871,1,1
"902",905,628,543,96.25677663,350.13161133,0.274915984490408,0.274915984490408
"903",906,628,979,253.8748347,350.13161133,0.725084015509592,1
"904",907,631,629,271.355564,470.7372836,0.576447996480727,0.576447996480727
"905",908,631,634,199.3817196,470.7372836,0.423552003519273,1
"906",909,634,422,87.77922397,412.24643907,0.212929004718692,0.212929004718692
"907",910,634,637,324.4672151,412.24643907,0.787070995281308,1
"908",911,636,621,230.3327881,230.3327881,1,1
"909",912,654,703,101.3553218,101.3553218,1,1
"910",913,656,605,218.2706986,218.2706986,1,1
"911",914,657,657,79.32204396,79.32204396,1,1
"912",915,661,620,91.8085613,91.8085613,1,1
"913",916,662,529,185.632107,241.28003788,0.769363717906591,0.769363717906591
"914",917,662,662,55.64793088,241.28003788,0.230636282093409,1
"915",918,663,670,106.8440273,106.8440273,1,1
"916",919,677,408,273.5837997,372.7100116,0.734039309879381,0.734039309879381
"917",920,677,530,99.1262119,372.7100116,0.265960690120619,1
"918",921,689,315,318.5964525,376.5998809,0.845981288519308,0.845981288519308
"919",922,689,610,58.0034284,376.5998809,0.154018711480692,1
"920",923,705,87,64.78061741,64.78061741,1,1
"921",924,709,675,469.928965,469.928965,1,1
"922",925,710,570,397.4563776,864.7541614,0.459617768079352,0.459617768079352
"923",926,710,714,467.2977838,864.7541614,0.540382231920648,1
"924",927,713,398,76.93016768,76.93016768,1,1
"925",928,715,572,358.9830048,358.9830048,1,1
"926",929,720,179,244.9497778,281.40234277,0.870461046588393,0.870461046588393
"927",930,720,361,36.45256497,281.40234277,0.129538953411607,1
"928",931,728,529,368.5641106,641.0451865,0.574942481999278,0.574942481999278
"929",932,728,572,272.4810759,641.0451865,0.425057518000722,1
"930",933,732,1050,19.55824329,19.55824329,1,1
"931",934,755,520,231.7693607,231.7693607,1,1
"932",935,763,1001,103.004756,103.004756,1,1
"933",936,835,835,266.1310833,266.1310833,1,1
"934",937,836,362,94.0147573,94.0147573,1,1
"935",938,838,64,130.3731937,809.0447696,0.161144597429952,0.161144597429952
"936",939,838,122,171.9311927,809.0447696,0.212511345676216,0.373655943106167
"937",940,838,310,126.9907313,809.0447696,0.156963787508058,0.530619730614225
"938",941,838,836,379.7496519,809.0447696,0.469380269385775,1
"939",942,841,413,235.6600884,408.8606999,0.576382343565029,0.576382343565029
"940",943,841,664,173.2006115,408.8606999,0.423617656434971,1
"941",944,842,425,302.7301153,302.7301153,1,1
"942",945,844,355,41.10382708,41.10382708,1,1
"943",946,846,99,395.494688,395.494688,1,1
"944",947,847,345,11.42392716,29.47464031,0.387584955739872,0.387584955739872
"945",948,847,449,18.05071315,29.47464031,0.612415044260128,1
"946",949,848,159,73.58206665,450.10408987,0.16347788946164,0.16347788946164
"947",950,848,274,74.73404262,450.10408987,0.166037244055225,0.329515133516865
"948",951,848,842,301.7879806,450.10408987,0.670484866483135,1
"949",952,850,143,75.1622521,313.09886337,0.240059166267806,0.240059166267806
"950",953,850,254,68.91769037,313.09886337,0.220114789393398,0.460173955661205
"951",954,850,527,169.0189209,313.09886337,0.539826044338795,1
"952",955,851,53,97.90435003,282.78465793,0.346215211060832,0.346215211060832
"953",956,851,59,82.20310725,282.78465793,0.290691538401452,0.636906749462283
"954",957,851,136,33.81935676,282.78465793,0.119594029632158,0.756500779094441
"955",958,851,853,68.85784389,282.78465793,0.243499220905559,1
"956",959,852,401,102.72675,465.9707189,0.220457521971559,0.220457521971559
"957",960,852,631,195.9773056,465.9707189,0.420578584986276,0.641036106957836
"958",961,852,851,167.2666633,465.9707189,0.358963893042164,1
"959",962,854,288,49.64466694,309.52452694,0.160390090668399,0.160390090668399
"960",963,854,560,259.87986,309.52452694,0.839609909331601,1
"961",964,855,27,85.09351502,85.09351502,1,1
"962",965,941,954,23.22358181,23.22358181,1,1
"963",966,942,615,136.3619566,136.3619566,1,1
"964",967,946,410,137.5243136,167.49033636,0.821088049548174,0.821088049548174
"965",968,946,1050,29.96602276,167.49033636,0.178911950451826,1
"966",969,947,529,221.59631,1279.6139134,0.17317435179429,0.17317435179429
"967",970,947,554,168.8061311,1279.6139134,0.131919580845658,0.305093932639948
"968",971,947,562,491.7550947,1279.6139134,0.384299584077967,0.689393516717915
"969",972,947,570,397.4563776,1279.6139134,0.310606483282085,1
"970",973,951,422,103.8302821,1966.71698094,0.0527937080455643,0.0527937080455643
"971",974,951,452,55.56468194,1966.71698094,0.0282525053063012,0.0810462133518655
"972",975,951,545,341.4051626,1966.71698094,0.173591404309137,0.254637617661002
"973",976,951,550,223.0609488,1966.71698094,0.11341791979311,0.368055537454112
"974",977,951,557,97.39479789,1966.71698094,0.0495215116531153,0.417577049107227
"975",978,951,558,222.1480142,1966.71698094,0.112953727634885,0.530530776742112
"976",979,951,562,325.9354397,1966.71698094,0.165725644746413,0.696256421488525
"977",980,951,621,507.2880169,1966.71698094,0.257936460515808,0.954192882004333
"978",981,951,951,90.08963681,1966.71698094,0.0458071179956667,1
"979",982,955,511,70.94654861,363.59202171,0.195126802497847,0.195126802497847
"980",983,955,944,292.6454731,363.59202171,0.804873197502153,1
"981",984,956,49,133.4008147,133.4008147,1,1
"982",985,962,621,340.0250303,340.0250303,1,1
"983",986,963,410,76.33112556,176.10689121,0.433436335373034,0.433436335373034
"984",987,963,511,61.09655875,176.10689121,0.346928835834964,0.780365171207999
"985",988,963,530,38.6792069,176.10689121,0.219634828792002,1
"986",989,966,361,36.45256497,36.45256497,1,1
"987",990,974,509,43.19479237,43.19479237,1,1
"988",991,975,584,269.6950796,269.6950796,1,1
"989",992,981,452,32.50507509,32.50507509,1,1
"990",993,985,317,28.71611967,1783.4813491,0.0161011606230091,0.0161011606230091
"991",994,985,553,202.5486288,1783.4813491,0.11356924416519,0.129670404788199
"992",995,985,584,163.8813805,1783.4813491,0.0918884745179419,0.221558879306141
"993",996,985,598,1120.321071,1783.4813491,0.628165285588968,0.849724164895109
"994",997,985,627,183.3829171,1783.4813491,0.10282300804129,0.952547172936399
"995",998,985,977,84.63123203,1783.4813491,0.0474528270636009,1
"996",999,987,655,325.1389898,325.1389898,1,1
"997",1000,990,553,327.7847598,730.5437689,0.448685997683006,0.448685997683006
"998",1001,990,1006,153.0789528,730.5437689,0.209541110768072,0.658227108451079
"999",1002,990,1035,249.6800563,730.5437689,0.341772891548921,1
"1000",1003,991,270,247.3518269,349.4046358,0.707923712384814,0.707923712384814
"1001",1004,991,285,102.0528089,349.4046358,0.292076287615186,1
"1002",1005,993,108,337.495621,337.495621,1,1
"1003",1006,995,99,395.494688,569.67660595,0.694244214821614,0.694244214821614
"1004",1007,995,528,128.3160909,569.67660595,0.225243742782835,0.919487957604449
"1005",1008,995,995,45.86582705,569.67660595,0.080512042395551,1
"1006",1009,996,727,93.43881967,93.43881967,1,1
"1007",1010,997,175,96.48955516,482.38643298,0.20002543306188,0.20002543306188
"1008",1011,997,317,61.42485492,482.38643298,0.127335369986549,0.327360803048429
"1009",1012,997,413,219.2157473,482.38643298,0.454440117533506,0.781800920581935
"1010",1013,997,509,105.2562756,482.38643298,0.218199079418065,1
"1011",1014,998,195,231.0159353,231.0159353,1,1
"1012",1015,1001,1001,111.1820025,111.1820025,1,1
"1013",1016,1003,557,178.4865256,317.3290345,0.562465158226799,0.562465158226799
"1014",1017,1003,558,138.8425089,317.3290345,0.437534841773201,1
"1015",1018,1017,7,41.39713869,41.39713869,1,1
"1016",1019,1020,532,148.2004713,148.2004713,1,1
"1017",1020,1021,49,133.4008147,133.4008147,1,1
"1018",1021,1025,66,156.5007965,156.5007965,1,1
"1019",1022,1028,38,201.1306631,337.2055663,0.596463057555406,0.596463057555406
"1020",1023,1028,48,136.0749032,337.2055663,0.403536942444595,1
"1021",1024,1035,543,64.26768244,466.11922334,0.137878206308435,0.137878206308435
"1022",1025,1035,553,295.4107294,466.11922334,0.6337664584679,0.771644664776335
"1023",1026,1035,1034,106.4408115,466.11922334,0.228355335223665,1
"1024",1027,1045,40,402.0926809,402.0926809,1,1
"1025",1028,1046,33,13.62535162,13.62535162,1,1
"1026",1029,1048,192,161.5914672,161.5914672,1,1
